-- ============================================================
-- The Velvet Crumb - Cake Shop Seed Data
-- ============================================================

-- ======================== CATEGORIES ========================
INSERT INTO categories (name, slug, description, image_url, sort_order, is_active) VALUES
  ('Wedding', 'wedding', 'Elegant multi-tier cakes designed for your special day.', 'https://images.unsplash.com/photo-1535254973040-607b474cb50d?w=400&h=400&fit=crop&q=80', 1, true),
  ('Birthday', 'birthday', 'Colourful and fun cakes to make celebrations unforgettable.', 'https://images.unsplash.com/photo-1578985545062-69928b1d9587?w=400&h=400&fit=crop&q=80', 2, true),
  ('Celebration', 'celebration', 'Stunning centrepieces for every milestone and gathering.', 'https://images.unsplash.com/photo-1565958011703-44f9829ba187?w=400&h=400&fit=crop&q=80', 3, true),
  ('Seasonal', 'seasonal', 'Limited-edition flavours inspired by the freshest produce.', 'https://images.unsplash.com/photo-1562440499-64c9a111f713?w=400&h=400&fit=crop&q=80', 4, true),
  ('Mini Cakes', 'mini-cakes', 'Individual treats and petit fours perfect for any occasion.', 'https://images.unsplash.com/photo-1558636508-e0db3814bd1d?w=400&h=400&fit=crop&q=80', 5, true),
  ('Anniversary', 'anniversary', 'Romantic cakes to celebrate years of love and togetherness.', 'https://images.unsplash.com/photo-1464349095431-e9a21285b5f3?w=400&h=400&fit=crop&q=80', 6, true),
  ('Premium', 'premium', 'Luxury creations crafted with the finest imported ingredients.', 'https://images.unsplash.com/photo-1558636508-e0db3814bd1d?w=400&h=400&fit=crop&q=80', 7, true),
  ('Custom', 'custom', 'Bespoke cakes designed from your imagination.', 'https://images.unsplash.com/photo-1488477181946-6428a0291777?w=400&h=400&fit=crop&q=80', 8, true)
ON CONFLICT (slug) DO NOTHING;

-- ======================== FLAVORS ===========================
INSERT INTO flavors (name, slug, description, is_active) VALUES
  ('Vanilla Bean', 'vanilla-bean', 'Classic Madagascan vanilla with rich, aromatic depth.', true),
  ('Dark Chocolate', 'dark-chocolate', 'Intense Belgian dark chocolate with deep cocoa notes.', true),
  ('Rose Water', 'rose-water', 'Delicate floral essence from real rose petals.', true),
  ('Lemon', 'lemon', 'Bright and zesty fresh lemon flavour.', true),
  ('Strawberry', 'strawberry', 'Sweet summer strawberry with natural fruitiness.', true),
  ('Blueberry', 'blueberry', 'Wild blueberry with a sweet-tart finish.', true),
  ('Pistachio', 'pistachio', 'Premium Bronte pistachios with a nutty sweetness.', true),
  ('Salted Caramel', 'salted-caramel', 'Rich buttery caramel with a hint of sea salt.', true),
  ('Red Velvet', 'red-velvet', 'Classic cocoa-infused crimson sponge.', true),
  ('Coconut', 'coconut', 'Toasted coconut with tropical warmth.', true),
  ('Mango', 'mango', 'Luscious Alphonso mango with tropical sweetness.', true),
  ('Espresso', 'espresso', 'Single-origin espresso with bold coffee notes.', true),
  ('Raspberry', 'raspberry', 'Tart and sweet fresh raspberry compote.', true),
  ('White Chocolate', 'white-chocolate', 'Creamy Belgian white chocolate with vanilla hints.', true),
  ('Lavender', 'lavender', 'Culinary lavender with a calming floral aroma.', true)
ON CONFLICT (slug) DO NOTHING;

-- ======================== CAKES =============================
INSERT INTO cakes (
  name, slug, description, short_description, price, original_price,
  category, flavours, serves, prep_time, image_url, images,
  badge, rating, review_count, dietary, ingredients, is_featured, is_active
) VALUES
('Rose Petal Dream', 'rose-petal-dream',
 'Layers of vanilla sponge with rose-water buttercream and delicate edible petals.',
 'Our signature Rose Petal Dream is a masterpiece of flavor and artistry.',
 185, NULL, 'Wedding',
 '["Vanilla Bean","Rose Water","Honey"]'::jsonb,
 '40-50', '5-7 days',
 'https://images.unsplash.com/photo-1535254973040-607b474cb50d?w=800&h=800&fit=crop&q=80',
 '["https://images.unsplash.com/photo-1535254973040-607b474cb50d?w=800&h=800&fit=crop&q=80","https://images.unsplash.com/photo-1562440499-64c9a111f713?w=800&h=800&fit=crop&q=80","https://images.unsplash.com/photo-1464349095431-e9a21285b5f3?w=800&h=800&fit=crop&q=80"]'::jsonb,
 'Bestseller', 4.90, 127,
 '["Vegetarian"]'::jsonb,
 '["Organic flour","Free-range eggs","Madagascan vanilla","Real rose water","Belgian white chocolate"]'::jsonb,
 true, true),

('Dark Chocolate Truffle', 'dark-chocolate-truffle',
 'Rich Belgian chocolate ganache between decadent cocoa layers.',
 'Pure chocolate indulgence. Our Dark Chocolate Truffle cake features layers of intense Belgian cocoa sponge.',
 165, 195, 'Birthday',
 '["Dark Chocolate","Belgian Cocoa","Espresso"]'::jsonb,
 '20-30', '3-5 days',
 'https://images.unsplash.com/photo-1578985545062-69928b1d9587?w=800&h=800&fit=crop&q=80',
 '["https://images.unsplash.com/photo-1578985545062-69928b1d9587?w=800&h=800&fit=crop&q=80","https://images.unsplash.com/photo-1606313564200-e75d5e30476c?w=800&h=800&fit=crop&q=80"]'::jsonb,
 'Popular', 4.80, 203,
 '["Vegetarian"]'::jsonb,
 '["Belgian dark chocolate (70%)","Cocoa powder","Fresh cream","European butter","Espresso"]'::jsonb,
 true, true),

('Lemon Zest Celebration', 'lemon-zest-celebration',
 'Bright citrus sponge with meringue frosting and candied lemon.',
 'Sunshine in every slice. Our Lemon Zest Celebration brings together tangy lemon curd.',
 145, NULL, 'Celebration',
 '["Lemon","Citrus","Berries"]'::jsonb,
 '20-30', '3-5 days',
 'https://images.unsplash.com/photo-1565958011703-44f9829ba187?w=800&h=800&fit=crop&q=80',
 '["https://images.unsplash.com/photo-1565958011703-44f9829ba187?w=800&h=800&fit=crop&q=80"]'::jsonb,
 NULL, 4.70, 89,
 '["Vegetarian"]'::jsonb,
 '["Fresh lemons","Free-range eggs","Organic flour","Butter","Fresh berries"]'::jsonb,
 false, true),

('Berry Cascade', 'berry-cascade',
 'Lemon curd filling, fresh berry compote, cream cheese frosting.',
 'A show-stopping wedding cake that cascades with fresh seasonal berries.',
 210, NULL, 'Wedding',
 '["Lemon","Mixed Berry","Cream Cheese"]'::jsonb,
 '50-60', '5-7 days',
 'https://images.unsplash.com/photo-1488477181946-6428a0291777?w=800&h=800&fit=crop&q=80',
 '["https://images.unsplash.com/photo-1488477181946-6428a0291777?w=800&h=800&fit=crop&q=80","https://images.unsplash.com/photo-1464349095431-e9a21285b5f3?w=800&h=800&fit=crop&q=80"]'::jsonb,
 'Premium', 4.90, 94,
 '["Vegetarian"]'::jsonb,
 '["Fresh seasonal berries","Lemon curd","Cream cheese","Vanilla sponge","Organic flour"]'::jsonb,
 true, true),

('Caramel Bliss Tower', 'caramel-bliss-tower',
 'Salted caramel layers, toffee crunch, buttercream.',
 'A tower of caramel heaven. Buttery sponge layers infused with salted caramel.',
 175, NULL, 'Birthday',
 '["Salted Caramel","Toffee","Butterscotch"]'::jsonb,
 '25-35', '3-5 days',
 'https://images.unsplash.com/photo-1621303837174-89787a7d4729?w=800&h=800&fit=crop&q=80',
 '["https://images.unsplash.com/photo-1621303837174-89787a7d4729?w=800&h=800&fit=crop&q=80"]'::jsonb,
 NULL, 4.80, 156,
 '["Vegetarian"]'::jsonb,
 '["Sea salt caramel","Toffee pieces","European butter","Madagascan vanilla","Golden syrup"]'::jsonb,
 false, true),

('Tropical Paradise', 'tropical-paradise',
 'Coconut sponge, passion fruit curd, mango glaze.',
 'Escape to the tropics with this vibrant creation.',
 155, NULL, 'Seasonal',
 '["Coconut","Passion Fruit","Mango"]'::jsonb,
 '20-30', '3-5 days',
 'https://images.unsplash.com/photo-1562440499-64c9a111f713?w=800&h=800&fit=crop&q=80',
 '["https://images.unsplash.com/photo-1562440499-64c9a111f713?w=800&h=800&fit=crop&q=80"]'::jsonb,
 'New', 4.60, 67,
 '["Gluten-Free Option Available"]'::jsonb,
 '["Coconut flour","Fresh passion fruit","Mango puree","Toasted coconut","Lime zest"]'::jsonb,
 true, true),

('Pistachio Opulence', 'pistachio-opulence',
 'Pistachio sponge, white chocolate ganache, rose drizzle.',
 'Luxury in every bite. Our Pistachio Opulence features layers of emerald-green pistachio sponge.',
 195, 220, 'Celebration',
 '["Pistachio","White Chocolate","Rose"]'::jsonb,
 '30-40', '5-7 days',
 'https://images.unsplash.com/photo-1578985545062-69928b1d9587?w=800&h=800&fit=crop&q=80',
 '["https://images.unsplash.com/photo-1578985545062-69928b1d9587?w=800&h=800&fit=crop&q=80"]'::jsonb,
 'Chef''s Pick', 4.90, 112,
 '["Vegetarian"]'::jsonb,
 '["Bronte pistachios","White chocolate","Rose water","Organic flour","Free-range eggs"]'::jsonb,
 true, true),

('Red Velvet Royale', 'red-velvet-royale',
 'Classic red velvet, cream cheese frosting, crimson swirl.',
 'The iconic Red Velvet, reimagined for your special day.',
 180, NULL, 'Wedding',
 '["Red Velvet","Cream Cheese","Cocoa"]'::jsonb,
 '40-50', '5-7 days',
 'https://images.unsplash.com/photo-1586788680434-30d324b2d46f?w=800&h=800&fit=crop&q=80',
 '["https://images.unsplash.com/photo-1586788680434-30d324b2d46f?w=800&h=800&fit=crop&q=80"]'::jsonb,
 NULL, 4.70, 143,
 '["Vegetarian"]'::jsonb,
 '["Cocoa powder","Buttermilk","Cream cheese","European butter","Natural vanilla"]'::jsonb,
 false, true),

('Midnight Velvet', 'midnight-velvet',
 'Dark cocoa sponge, espresso buttercream, chocolate shards.',
 'For the sophisticated chocolate lover. Ultra-rich dark cocoa sponge.',
 170, NULL, 'Seasonal',
 '["Dark Cocoa","Espresso","Dark Chocolate"]'::jsonb,
 '20-30', '3-5 days',
 'https://images.unsplash.com/photo-1606313564200-e75d5e30476c?w=800&h=800&fit=crop&q=80',
 '["https://images.unsplash.com/photo-1606313564200-e75d5e30476c?w=800&h=800&fit=crop&q=80"]'::jsonb,
 NULL, 4.80, 91,
 '["Vegetarian"]'::jsonb,
 '["Dutch-process cocoa","Espresso","Belgian dark chocolate","Brown butter","Sea salt"]'::jsonb,
 false, true),

('Petit Fours Collection', 'petit-fours-collection',
 'Assorted mini cake bites - perfect for dessert tables.',
 'An exquisite selection of twelve handcrafted petit fours.',
 85, NULL, 'Mini Cakes',
 '["Assorted"]'::jsonb,
 '12 pieces', '2-3 days',
 'https://images.unsplash.com/photo-1558636508-e0db3814bd1d?w=800&h=800&fit=crop&q=80',
 '["https://images.unsplash.com/photo-1558636508-e0db3814bd1d?w=800&h=800&fit=crop&q=80"]'::jsonb,
 NULL, 4.60, 78,
 '["Vegetarian"]'::jsonb,
 '["Varied premium ingredients","Edible flowers","Gold leaf","Belgian chocolate"]'::jsonb,
 false, true),

('Cupcake Collection', 'cupcake-collection',
 'Dozen premium cupcakes with artisan frosting.',
 'A dozen of our signature cupcakes, each topped with artisan buttercream.',
 60, NULL, 'Mini Cakes',
 '["Assorted","Customizable"]'::jsonb,
 '12 pieces', '1-2 days',
 'https://images.unsplash.com/photo-1576618148400-f54bed99fcfd?w=800&h=800&fit=crop&q=80',
 '["https://images.unsplash.com/photo-1576618148400-f54bed99fcfd?w=800&h=800&fit=crop&q=80"]'::jsonb,
 'Value', 4.50, 211,
 '["Vegetarian"]'::jsonb,
 '["Premium flour","Real butter","Fresh cream","Natural flavorings","Sprinkles"]'::jsonb,
 true, true),

('Mirror Glaze Fantasy', 'mirror-glaze-fantasy',
 'Mirror-finish glaze, mousse interior, modern design.',
 'A true showstopper. Light mousse interior encased in flawless mirror-finish glaze.',
 220, NULL, 'Celebration',
 '["Raspberry Mousse","Passion Fruit","Vanilla"]'::jsonb,
 '20-30', '5-7 days',
 'https://images.unsplash.com/photo-1558636508-e0db3814bd1d?w=800&h=800&fit=crop&q=80',
 '["https://images.unsplash.com/photo-1558636508-e0db3814bd1d?w=800&h=800&fit=crop&q=80"]'::jsonb,
 'Showstopper', 4.90, 68,
 '["Gluten-Free Option Available"]'::jsonb,
 '["White chocolate","Fresh cream","Gelatin","Fruit purees","Natural colorings"]'::jsonb,
 true, true),

('Ivory Elegance', 'ivory-elegance',
 'Five-tier ivory masterpiece with hand-piped lace details.',
 'Our crowning jewel. Five-tier masterpiece adorned with hand-piped royal icing lace.',
 250, NULL, 'Wedding',
 '["Madagascar Vanilla","Almond","Champagne"]'::jsonb,
 '60-80', '7-10 days',
 'https://images.unsplash.com/photo-1464349095431-e9a21285b5f3?w=800&h=800&fit=crop&q=80',
 '["https://images.unsplash.com/photo-1464349095431-e9a21285b5f3?w=800&h=800&fit=crop&q=80","https://images.unsplash.com/photo-1535254973040-607b474cb50d?w=800&h=800&fit=crop&q=80"]'::jsonb,
 'Luxury', 5.00, 56,
 '["Vegetarian"]'::jsonb,
 '["Madagascan vanilla","Almond flour","Champagne","Royal icing","Sugar paste"]'::jsonb,
 true, true),

('Golden Raspberry', 'golden-raspberry',
 'Golden sponge, raspberry compote, white chocolate ganache.',
 'A golden delight that celebrates the sweetness of summer.',
 190, 215, 'Celebration',
 '["Saffron","Raspberry","White Chocolate"]'::jsonb,
 '20-30', '3-5 days',
 'https://images.unsplash.com/photo-1488477181946-6428a0291777?w=800&h=800&fit=crop&q=80',
 '["https://images.unsplash.com/photo-1488477181946-6428a0291777?w=800&h=800&fit=crop&q=80"]'::jsonb,
 'Seasonal', 4.80, 87,
 '["Vegetarian"]'::jsonb,
 '["Saffron threads","Fresh raspberries","White chocolate","Vanilla bean","Organic flour"]'::jsonb,
 true, true),

('Midnight Mocha', 'midnight-mocha',
 'Dark coffee sponge, mocha buttercream, chocolate ganache drip.',
 'For the coffee connoisseur. Rich espresso-soaked sponge.',
 175, NULL, 'Birthday',
 '["Espresso","Mocha","Dark Chocolate"]'::jsonb,
 '20-30', '3-5 days',
 'https://images.unsplash.com/photo-1551024506-0bccd828d307?w=800&h=800&fit=crop&q=80',
 '["https://images.unsplash.com/photo-1551024506-0bccd828d307?w=800&h=800&fit=crop&q=80"]'::jsonb,
 'Popular', 4.70, 104,
 '["Vegetarian"]'::jsonb,
 '["Single-origin espresso","Belgian cocoa","Dark chocolate","Brown butter","Sea salt"]'::jsonb,
 true, true),

('Spring Blossom', 'spring-blossom',
 'Cherry blossom sponge, yuzu curd, matcha cream.',
 'A celebration of spring in cake form.',
 165, NULL, 'Seasonal',
 '["Cherry Blossom","Yuzu","Matcha"]'::jsonb,
 '20-30', '3-5 days',
 'https://images.unsplash.com/photo-1464349095431-e9a21285b5f3?w=800&h=800&fit=crop&q=80',
 '["https://images.unsplash.com/photo-1464349095431-e9a21285b5f3?w=800&h=800&fit=crop&q=80"]'::jsonb,
 'Limited Edition', 4.80, 72,
 '["Vegetarian"]'::jsonb,
 '["Cherry blossom extract","Yuzu juice","Matcha powder","Rice flour","White chocolate"]'::jsonb,
 true, true),

('Velvet Crown', 'velvet-crown',
 'Triple chocolate tiers, gold leaf crown, raspberry coulis.',
 'Fit for royalty. Three-tier chocolate indulgence.',
 230, NULL, 'Wedding',
 '["Dark Chocolate","White Chocolate","Raspberry"]'::jsonb,
 '50-70', '7-10 days',
 'https://images.unsplash.com/photo-1558636508-e0db3814bd1d?w=800&h=800&fit=crop&q=80',
 '["https://images.unsplash.com/photo-1558636508-e0db3814bd1d?w=800&h=800&fit=crop&q=80"]'::jsonb,
 'Exclusive', 4.90, 63,
 '["Vegetarian"]'::jsonb,
 '["Belgian chocolate (dark & white)","Fresh raspberries","24k gold leaf","European butter","Heavy cream"]'::jsonb,
 true, true),

('Citrus Sunburst', 'citrus-sunburst',
 'Orange and lime sponge, passion fruit curd, citrus glaze.',
 'A burst of sunshine in every slice.',
 155, NULL, 'Celebration',
 '["Orange","Lime","Passion Fruit"]'::jsonb,
 '15-25', '2-4 days',
 'https://images.unsplash.com/photo-1488477304112-4944851de03d?w=800&h=800&fit=crop&q=80',
 '["https://images.unsplash.com/photo-1488477304112-4944851de03d?w=800&h=800&fit=crop&q=80"]'::jsonb,
 'Fresh Pick', 4.70, 93,
 '["Vegetarian"]'::jsonb,
 '["Fresh oranges","Limes","Passion fruit","Organic flour","Free-range eggs"]'::jsonb,
 true, true),

('Truffle Tiramisu Tower', 'truffle-tiramisu',
 'Espresso-soaked layers, mascarpone cream, cocoa dust.',
 'An Italian classic reimagined as a tower cake.',
 185, NULL, 'Birthday',
 '["Espresso","Mascarpone","Dark Chocolate"]'::jsonb,
 '25-35', '3-5 days',
 'https://images.unsplash.com/photo-1578985545062-69928b1d9587?w=800&h=800&fit=crop&q=80',
 '["https://images.unsplash.com/photo-1578985545062-69928b1d9587?w=800&h=800&fit=crop&q=80","https://images.unsplash.com/photo-1606313564200-e75d5e30476c?w=800&h=800&fit=crop&q=80"]'::jsonb,
 'Bestseller', 4.80, 118,
 '["Vegetarian"]'::jsonb,
 '["Single-origin espresso","Mascarpone cheese","Belgian cocoa","Ladyfinger sponge","Marsala wine"]'::jsonb,
 true, true),

('Lavender Honey Dream', 'lavender-honey-dream',
 'Lavender-infused sponge, honey buttercream, edible flowers.',
 'A fragrant escape into the fields of Provence.',
 180, NULL, 'Celebration',
 '["Lavender","Honey","Vanilla"]'::jsonb,
 '20-30', '3-5 days',
 'https://images.unsplash.com/photo-1535254973040-607b474cb50d?w=800&h=800&fit=crop&q=80',
 '["https://images.unsplash.com/photo-1535254973040-607b474cb50d?w=800&h=800&fit=crop&q=80"]'::jsonb,
 'Artisan', 4.90, 64,
 '["Vegetarian"]'::jsonb,
 '["Culinary lavender","Raw wildflower honey","Madagascan vanilla","Organic flour","Free-range eggs"]'::jsonb,
 true, true)

ON CONFLICT (slug) DO NOTHING;

-- ======================== REVIEWS ============================
INSERT INTO reviews (
  customer_name, location, avatar, rating, comment,
  event, cake_name, cake_id, approved, status, helpful, verified
) VALUES
('Priya & Rahul Deshpande', 'Pune, Maharashtra',
 'https://images.unsplash.com/photo-1494790108377-be9c29b29330?w=100&h=100&fit=crop&q=80',
 5, 'The Velvet Crumb made our wedding cake and it was absolutely stunning. Every guest commented on both the beauty and the incredible flavour.',
 'Wedding', 'Rose Petal Dream', 'rose-petal-dream', true, 'approved', 24, true),

('Ananya Desai', 'Ahmedabad, Gujarat',
 'https://images.unsplash.com/photo-1438761681033-6461ffad8d80?w=100&h=100&fit=crop&q=80',
 5, 'I''ve ordered birthday cakes for the past three years and they never disappoint. The Dark Chocolate Truffle is pure heaven.',
 'Birthday', 'Dark Chocolate Truffle', 'dark-chocolate-truffle', true, 'approved', 18, true),

('Meera Iyer', 'Bengaluru, Karnataka',
 'https://images.unsplash.com/photo-1544005313-94ddf0286df2?w=100&h=100&fit=crop&q=80',
 5, 'They turned my daughter''s fairy tale cake dream into reality. The Under the Sea theme was executed flawlessly.',
 'Birthday', 'Custom Under the Sea Cake', NULL, true, 'approved', 31, true),

('Vikram & Neha Sharma', 'New Delhi',
 'https://images.unsplash.com/photo-1507003211169-0a1dd7228f2d?w=100&h=100&fit=crop&q=80',
 5, 'Our wedding cake was a five-tier Berry Cascade and it was the talk of our reception. Worth every penny.',
 'Wedding', 'Berry Cascade', 'berry-cascade', true, 'approved', 15, true),

('Sneha Reddy', 'Hyderabad, Telangana',
 'https://images.unsplash.com/photo-1531746020798-e6953c6e8e04?w=100&h=100&fit=crop&q=80',
 4, 'Ordered the Mirror Glaze Fantasy for our company''s annual gala. The cake was a showstopper.',
 'Corporate Event', 'Mirror Glaze Fantasy', NULL, true, 'approved', 12, true),

('Arjun Nair', 'Mumbai, Maharashtra',
 'https://images.unsplash.com/photo-1500648767791-00dcc994a43e?w=100&h=100&fit=crop&q=80',
 5, 'My wife is very particular about cakes and even she was blown away by the Pistachio Opulence.',
 'Anniversary', 'Pistachio Opulence', 'pistachio-opulence', true, 'approved', 9, true),

('Kavita Joshi', 'Nashik, Maharashtra',
 'https://images.unsplash.com/photo-1580489944761-15a19d654956?w=100&h=100&fit=crop&q=80',
 5, 'The Tropical Paradise cake was the centerpiece of my baby shower. The coconut and passion fruit flavours were refreshing.',
 'Baby Shower', 'Tropical Paradise', 'tropical-paradise', true, 'approved', 20, true),

('Rohit & Simran Singh', 'Jaipur, Rajasthan',
 'https://images.unsplash.com/photo-1534528741775-53994a69daeb?w=100&h=100&fit=crop&q=80',
 5, 'Choosing The Velvet Crumb for our wedding was the best decision. The Red Velvet Royale was everything we dreamed of.',
 'Wedding', 'Red Velvet Royale', 'red-velvet-royale', true, 'approved', 16, true)

ON CONFLICT DO NOTHING;
