-- ============================================================
-- The Velvet Crumb - Cake Shop Seed Data
-- ============================================================

-- ======================== CATEGORIES ========================
INSERT INTO categories (id, name, slug, description, image, is_active, sort_order) VALUES
  ('cat-wedding',     'Wedding',     'wedding',     'Elegant multi-tier cakes designed for your special day.', 'https://images.unsplash.com/photo-1535254973040-607b474cb50d?w=400&h=400&fit=crop&q=80', true, 1),
  ('cat-birthday',    'Birthday',    'birthday',    'Colourful and fun cakes to make celebrations unforgettable.', 'https://images.unsplash.com/photo-1578985545062-69928b1d9587?w=400&h=400&fit=crop&q=80', true, 2),
  ('cat-celebration', 'Celebration', 'celebration', 'Stunning centrepieces for every milestone and gathering.', 'https://images.unsplash.com/photo-1565958011703-44f9829ba187?w=400&h=400&fit=crop&q=80', true, 3),
  ('cat-seasonal',    'Seasonal',    'seasonal',    'Limited-edition flavours inspired by the freshest produce.', 'https://images.unsplash.com/photo-1562440499-64c9a111f713?w=400&h=400&fit=crop&q=80', true, 4),
  ('cat-mini-cakes',  'Mini Cakes',  'mini-cakes',  'Individual treats and petit fours perfect for any occasion.', 'https://images.unsplash.com/photo-1558636508-e0db3814bd1d?w=400&h=400&fit=crop&q=80', true, 5),
  ('cat-anniversary', 'Anniversary', 'anniversary', 'Romantic cakes to celebrate years of love and togetherness.', 'https://images.unsplash.com/photo-1464349095431-e9a21285b5f3?w=400&h=400&fit=crop&q=80', true, 6),
  ('cat-premium',     'Premium',     'premium',     'Luxury creations crafted with the finest imported ingredients.', 'https://images.unsplash.com/photo-1558636508-e0db3814bd1d?w=400&h=400&fit=crop&q=80', true, 7),
  ('cat-custom',      'Custom',      'custom',      'Bespoke cakes designed from your imagination.', 'https://images.unsplash.com/photo-1488477181946-6428a0291777?w=400&h=400&fit=crop&q=80', true, 8)
ON CONFLICT (id) DO NOTHING;

-- ======================== FLAVOURS ==========================
INSERT INTO flavours (id, name, slug, description, is_active) VALUES
  ('flav-vanilla',       'Vanilla Bean',      'vanilla-bean',      'Classic Madagascan vanilla with rich, aromatic depth.', true),
  ('flav-dark-choc',     'Dark Chocolate',     'dark-chocolate',    'Intense Belgian dark chocolate with deep cocoa notes.', true),
  ('flav-rose',          'Rose Water',         'rose-water',        'Delicate floral essence from real rose petals.', true),
  ('flav-lemon',         'Lemon',              'lemon',             'Bright and zesty fresh lemon flavour.', true),
  ('flav-strawberry',    'Strawberry',         'strawberry',        'Sweet summer strawberry with natural fruitiness.', true),
  ('flav-blueberry',     'Blueberry',          'blueberry',         'Wild blueberry with a sweet-tart finish.', true),
  ('flav-pistachio',     'Pistachio',          'pistachio',         'Premium Bronte pistachios with a nutty sweetness.', true),
  ('flav-salted-caramel','Salted Caramel',     'salted-caramel',    'Rich buttery caramel with a hint of sea salt.', true),
  ('flav-red-velvet',    'Red Velvet',         'red-velvet',        'Classic cocoa-infused crimson sponge.', true),
  ('flav-coconut',       'Coconut',            'coconut',           'Toasted coconut with tropical warmth.', true),
  ('flav-mango',         'Mango',              'mango',             'Luscious Alphonso mango with tropical sweetness.', true),
  ('flav-espresso',      'Espresso',           'espresso',          'Single-origin espresso with bold coffee notes.', true),
  ('flav-raspberry',     'Raspberry',          'raspberry',         'Tart and sweet fresh raspberry compote.', true),
  ('flav-white-choc',    'White Chocolate',    'white-chocolate',   'Creamy Belgian white chocolate with vanilla hints.', true),
  ('flav-lavender',      'Lavender',           'lavender',          'Culinary lavender with a calming floral aroma.', true)
ON CONFLICT (id) DO NOTHING;

-- ======================== CAKES =============================
INSERT INTO cakes (
  id, name, slug, category_id, price, original_price, serves, prep_time,
  rating, review_count, badge, is_active, is_featured,
  short_description, description, images, flavours, dietary, ingredients
) VALUES
(
  'rose-petal-dream',
  'Rose Petal Dream',
  'rose-petal-dream',
  'cat-wedding',
  185.00, NULL, '40-50', '5-7 days',
  4.9, 127, 'Bestseller', true, true,
  'Layers of vanilla sponge with rose-water buttercream and delicate edible petals.',
  'Our signature Rose Petal Dream is a masterpiece of flavor and artistry. Three tiers of moist vanilla bean sponge are layered with silky rose-water buttercream, each petal placed by hand. Finished with a cascade of fresh edible roses and gold leaf accents, this cake is the epitome of romance.',
  ARRAY['https://images.unsplash.com/photo-1535254973040-607b474cb50d?w=800&h=800&fit=crop&q=80','https://images.unsplash.com/photo-1562440499-64c9a111f713?w=800&h=800&fit=crop&q=80','https://images.unsplash.com/photo-1464349095431-e9a21285b5f3?w=800&h=800&fit=crop&q=80'],
  ARRAY['Vanilla Bean','Rose Water','Honey'],
  ARRAY['Vegetarian'],
  ARRAY['Organic flour','Free-range eggs','Madagascan vanilla','Real rose water','Belgian white chocolate']
),
(
  'dark-chocolate-truffle',
  'Dark Chocolate Truffle',
  'dark-chocolate-truffle',
  'cat-birthday',
  165.00, 195.00, '20-30', '3-5 days',
  4.8, 203, 'Popular', true, true,
  'Rich Belgian chocolate ganache between decadent cocoa layers.',
  'Pure chocolate indulgence. Our Dark Chocolate Truffle cake features layers of intense Belgian cocoa sponge filled with velvety dark chocolate ganache. Finished with a mirror-smooth chocolate glaze and hand-crafted chocolate shards, this is chocolate elevated to art.',
  ARRAY['https://images.unsplash.com/photo-1578985545062-69928b1d9587?w=800&h=800&fit=crop&q=80','https://images.unsplash.com/photo-1606313564200-e75d5e30476c?w=800&h=800&fit=crop&q=80','https://images.unsplash.com/photo-1551024506-0bccd828d307?w=800&h=800&fit=crop&q=80'],
  ARRAY['Dark Chocolate','Belgian Cocoa','Espresso'],
  ARRAY['Vegetarian'],
  ARRAY['Belgian dark chocolate (70%)','Cocoa powder','Fresh cream','European butter','Espresso']
),
(
  'lemon-zest-celebration',
  'Lemon Zest Celebration',
  'lemon-zest-celebration',
  'cat-celebration',
  145.00, NULL, '20-30', '3-5 days',
  4.7, 89, NULL, true, false,
  'Bright citrus sponge with meringue frosting and candied lemon.',
  'Sunshine in every slice. Our Lemon Zest Celebration brings together tangy lemon curd, fluffy citrus sponge, and a crown of torched Swiss meringue. Topped with candied lemon wheels and fresh berries for a cake that brightens any occasion.',
  ARRAY['https://images.unsplash.com/photo-1565958011703-44f9829ba187?w=800&h=800&fit=crop&q=80','https://images.unsplash.com/photo-1519869325930-281384f7f697?w=800&h=800&fit=crop&q=80'],
  ARRAY['Lemon','Citrus','Berries'],
  ARRAY['Vegetarian'],
  ARRAY['Fresh lemons','Free-range eggs','Organic flour','Butter','Fresh berries']
),
(
  'berry-cascade',
  'Berry Cascade',
  'berry-cascade',
  'cat-wedding',
  210.00, NULL, '50-60', '5-7 days',
  4.9, 94, 'Premium', true, true,
  'Lemon curd filling, fresh berry compote, cream cheese frosting.',
  'A show-stopping wedding cake that cascades with fresh seasonal berries. Lemon sponge layers filled with tart lemon curd and mixed berry compote, frosted in smooth cream cheese icing. Each tier is adorned with a waterfall of fresh strawberries, blueberries, and raspberries.',
  ARRAY['https://images.unsplash.com/photo-1488477181946-6428a0291777?w=800&h=800&fit=crop&q=80','https://images.unsplash.com/photo-1464349095431-e9a21285b5f3?w=800&h=800&fit=crop&q=80'],
  ARRAY['Lemon','Mixed Berry','Cream Cheese'],
  ARRAY['Vegetarian'],
  ARRAY['Fresh seasonal berries','Lemon curd','Cream cheese','Vanilla sponge','Organic flour']
),
(
  'caramel-bliss-tower',
  'Caramel Bliss Tower',
  'caramel-bliss-tower',
  'cat-birthday',
  175.00, NULL, '25-35', '3-5 days',
  4.8, 156, NULL, true, false,
  'Salted caramel layers, toffee crunch, buttercream.',
  'A tower of caramel heaven. Buttery sponge layers infused with salted caramel, filled with crunchy toffee bits, and coated in our signature caramel buttercream. A dramatic caramel drip finishes this indulgent masterpiece.',
  ARRAY['https://images.unsplash.com/photo-1621303837174-89787a7d4729?w=800&h=800&fit=crop&q=80','https://images.unsplash.com/photo-1551024506-0bccd828d307?w=800&h=800&fit=crop&q=80'],
  ARRAY['Salted Caramel','Toffee','Butterscotch'],
  ARRAY['Vegetarian'],
  ARRAY['Sea salt caramel','Toffee pieces','European butter','Madagascan vanilla','Golden syrup']
),
(
  'tropical-paradise',
  'Tropical Paradise',
  'tropical-paradise',
  'cat-seasonal',
  155.00, NULL, '20-30', '3-5 days',
  4.6, 67, 'New', true, true,
  'Coconut sponge, passion fruit curd, mango glaze.',
  'Escape to the tropics with this vibrant creation. Fluffy coconut sponge layered with tangy passion fruit curd and topped with a glossy mango glaze. Decorated with toasted coconut flakes and tropical flowers for a cake that tastes like vacation.',
  ARRAY['https://images.unsplash.com/photo-1562440499-64c9a111f713?w=800&h=800&fit=crop&q=80'],
  ARRAY['Coconut','Passion Fruit','Mango'],
  ARRAY['Gluten-Free Option Available'],
  ARRAY['Coconut flour','Fresh passion fruit','Mango puree','Toasted coconut','Lime zest']
),
(
  'pistachio-opulence',
  'Pistachio Opulence',
  'pistachio-opulence',
  'cat-celebration',
  195.00, 220.00, '30-40', '5-7 days',
  4.9, 112, 'Chef''s Pick', true, true,
  'Pistachio sponge, white chocolate ganache, rose drizzle.',
  'Luxury in every bite. Our Pistachio Opulence features layers of emerald-green pistachio sponge filled with white chocolate ganache and finished with a delicate rose water drizzle. Crushed Bronte pistachios adorn each tier for an unmistakable touch of opulence.',
  ARRAY['https://images.unsplash.com/photo-1578985545062-69928b1d9587?w=800&h=800&fit=crop&q=80'],
  ARRAY['Pistachio','White Chocolate','Rose'],
  ARRAY['Vegetarian'],
  ARRAY['Bronte pistachios','White chocolate','Rose water','Organic flour','Free-range eggs']
),
(
  'red-velvet-royale',
  'Red Velvet Royale',
  'red-velvet-royale',
  'cat-wedding',
  180.00, NULL, '40-50', '5-7 days',
  4.7, 143, NULL, true, false,
  'Classic red velvet, cream cheese frosting, crimson swirl.',
  'The iconic Red Velvet, reimagined for your special day. Our signature cocoa-infused crimson sponge is layered with tangy cream cheese frosting. Each tier features our signature swirl pattern, creating a dramatic and elegant presentation.',
  ARRAY['https://images.unsplash.com/photo-1586788680434-30d324b2d46f?w=800&h=800&fit=crop&q=80'],
  ARRAY['Red Velvet','Cream Cheese','Cocoa'],
  ARRAY['Vegetarian'],
  ARRAY['Cocoa powder','Buttermilk','Cream cheese','European butter','Natural vanilla']
),
(
  'midnight-velvet',
  'Midnight Velvet',
  'midnight-velvet',
  'cat-seasonal',
  170.00, NULL, '20-30', '3-5 days',
  4.8, 91, NULL, true, false,
  'Dark cocoa sponge, espresso buttercream, chocolate shards.',
  'For the sophisticated chocolate lover. Our Midnight Velvet is a dark and dramatic creation featuring ultra-rich dark cocoa sponge, espresso-infused buttercream, and hand-pulled chocolate shards. A dusting of edible gold makes this cake truly magical.',
  ARRAY['https://images.unsplash.com/photo-1606313564200-e75d5e30476c?w=800&h=800&fit=crop&q=80'],
  ARRAY['Dark Cocoa','Espresso','Dark Chocolate'],
  ARRAY['Vegetarian'],
  ARRAY['Dutch-process cocoa','Espresso','Belgian dark chocolate','Brown butter','Sea salt']
),
(
  'petit-fours-collection',
  'Petit Fours Collection',
  'petit-fours-collection',
  'cat-mini-cakes',
  85.00, NULL, '12 pieces', '2-3 days',
  4.6, 78, NULL, true, false,
  'Assorted mini cake bites - perfect for dessert tables.',
  'An exquisite selection of twelve handcrafted petit fours. Each piece is a miniature work of art featuring different flavors from our collection. Perfect for dessert tables, party favors, or an indulgent afternoon treat.',
  ARRAY['https://images.unsplash.com/photo-1558636508-e0db3814bd1d?w=800&h=800&fit=crop&q=80'],
  ARRAY['Assorted'],
  ARRAY['Vegetarian'],
  ARRAY['Varied premium ingredients','Edible flowers','Gold leaf','Belgian chocolate']
),
(
  'cupcake-collection',
  'Cupcake Collection',
  'cupcake-collection',
  'cat-mini-cakes',
  60.00, NULL, '12 pieces', '1-2 days',
  4.5, 211, 'Value', true, true,
  'Dozen premium cupcakes with artisan frosting.',
  'A dozen of our signature cupcakes, each topped with a generous swirl of artisan buttercream. Choose from our curated flavor selection or mix and match your favorites. Perfect for sharing.',
  ARRAY['https://images.unsplash.com/photo-1576618148400-f54bed99fcfd?w=800&h=800&fit=crop&q=80'],
  ARRAY['Assorted','Customizable'],
  ARRAY['Vegetarian'],
  ARRAY['Premium flour','Real butter','Fresh cream','Natural flavorings','Sprinkles']
),
(
  'mirror-glaze-fantasy',
  'Mirror Glaze Fantasy',
  'mirror-glaze-fantasy',
  'cat-celebration',
  220.00, NULL, '20-30', '5-7 days',
  4.9, 68, 'Showstopper', true, true,
  'Mirror-finish glaze, mousse interior, modern design.',
  'A true showstopper. Our Mirror Glaze Fantasy features a light mousse interior encased in a flawless mirror-finish glaze. Available in stunning color combinations, this modern masterpiece is perfect for those who want to make a statement.',
  ARRAY['https://images.unsplash.com/photo-1558636508-e0db3814bd1d?w=800&h=800&fit=crop&q=80'],
  ARRAY['Raspberry Mousse','Passion Fruit','Vanilla'],
  ARRAY['Gluten-Free Option Available'],
  ARRAY['White chocolate','Fresh cream','Gelatin','Fruit purees','Natural colorings']
),
(
  'ivory-elegance',
  'Ivory Elegance',
  'ivory-elegance',
  'cat-wedding',
  250.00, NULL, '60-80', '7-10 days',
  5.0, 56, 'Luxury', true, true,
  'Five-tier ivory masterpiece with hand-piped lace details.',
  'Our crowning jewel. The Ivory Elegance is a five-tier masterpiece adorned with hand-piped royal icing lace, sugar pearl cascades, and delicate sugar flowers. Each tier features a different texture creating a breathtaking bridal centerpiece.',
  ARRAY['https://images.unsplash.com/photo-1464349095431-e9a21285b5f3?w=800&h=800&fit=crop&q=80','https://images.unsplash.com/photo-1535254973040-607b474cb50d?w=800&h=800&fit=crop&q=80'],
  ARRAY['Madagascar Vanilla','Almond','Champagne'],
  ARRAY['Vegetarian'],
  ARRAY['Madagascan vanilla','Almond flour','Champagne','Royal icing','Sugar paste']
),
(
  'golden-raspberry',
  'Golden Raspberry',
  'golden-raspberry',
  'cat-celebration',
  190.00, 215.00, '20-30', '3-5 days',
  4.8, 87, 'Seasonal', true, true,
  'Golden sponge, raspberry compote, white chocolate ganache.',
  'A golden delight that celebrates the sweetness of summer. Our Golden Raspberry features saffron-infused sponge layers filled with tart raspberry compote and silky white chocolate ganache. Finished with gold-dusted fresh raspberries.',
  ARRAY['https://images.unsplash.com/photo-1488477181946-6428a0291777?w=800&h=800&fit=crop&q=80'],
  ARRAY['Saffron','Raspberry','White Chocolate'],
  ARRAY['Vegetarian'],
  ARRAY['Saffron threads','Fresh raspberries','White chocolate','Vanilla bean','Organic flour']
),
(
  'midnight-mocha',
  'Midnight Mocha',
  'midnight-mocha',
  'cat-birthday',
  175.00, NULL, '20-30', '3-5 days',
  4.7, 104, 'Popular', true, true,
  'Dark coffee sponge, mocha buttercream, chocolate ganache drip.',
  'For the coffee connoisseur. Our Midnight Mocha pairs rich espresso-soaked sponge with velvety mocha buttercream and a bittersweet chocolate ganache drip. Topped with chocolate-covered espresso beans.',
  ARRAY['https://images.unsplash.com/photo-1551024506-0bccd828d307?w=800&h=800&fit=crop&q=80'],
  ARRAY['Espresso','Mocha','Dark Chocolate'],
  ARRAY['Vegetarian'],
  ARRAY['Single-origin espresso','Belgian cocoa','Dark chocolate','Brown butter','Sea salt']
),
(
  'spring-blossom',
  'Spring Blossom',
  'spring-blossom',
  'cat-seasonal',
  165.00, NULL, '20-30', '3-5 days',
  4.8, 72, 'Limited Edition', true, true,
  'Cherry blossom sponge, yuzu curd, matcha cream.',
  'A celebration of spring in cake form. Our Spring Blossom layers delicate cherry blossom-infused sponge with bright yuzu curd and matcha-infused cream. Handcrafted sugar cherry blossoms and edible petals.',
  ARRAY['https://images.unsplash.com/photo-1464349095431-e9a21285b5f3?w=800&h=800&fit=crop&q=80'],
  ARRAY['Cherry Blossom','Yuzu','Matcha'],
  ARRAY['Vegetarian'],
  ARRAY['Cherry blossom extract','Yuzu juice','Matcha powder','Rice flour','White chocolate']
),
(
  'velvet-crown',
  'Velvet Crown',
  'velvet-crown',
  'cat-wedding',
  230.00, NULL, '50-70', '7-10 days',
  4.9, 63, 'Exclusive', true, true,
  'Triple chocolate tiers, gold leaf crown, raspberry coulis.',
  'Fit for royalty. The Velvet Crown is a three-tier chocolate indulgence featuring alternating layers of dark and white chocolate sponge, filled with raspberry coulis and white chocolate mousse. A crown of handmade chocolate shards and 24k gold leaf.',
  ARRAY['https://images.unsplash.com/photo-1558636508-e0db3814bd1d?w=800&h=800&fit=crop&q=80'],
  ARRAY['Dark Chocolate','White Chocolate','Raspberry'],
  ARRAY['Vegetarian'],
  ARRAY['Belgian chocolate (dark & white)','Fresh raspberries','24k gold leaf','European butter','Heavy cream']
),
(
  'citrus-sunburst',
  'Citrus Sunburst',
  'citrus-sunburst',
  'cat-celebration',
  155.00, NULL, '15-25', '2-4 days',
  4.7, 93, 'Fresh Pick', true, true,
  'Orange and lime sponge, passion fruit curd, citrus glaze.',
  'A burst of sunshine in every slice. Our Citrus Sunburst layers vibrant orange and lime sponge with tangy passion fruit curd and a glossy citrus glaze. Decorated with candied citrus wheels and edible flowers for a refreshing celebration cake.',
  ARRAY['https://images.unsplash.com/photo-1488477304112-4944851de03d?w=800&h=800&fit=crop&q=80'],
  ARRAY['Orange','Lime','Passion Fruit'],
  ARRAY['Vegetarian'],
  ARRAY['Fresh oranges','Limes','Passion fruit','Organic flour','Free-range eggs']
),
(
  'truffle-tiramisu',
  'Truffle Tiramisu Tower',
  'truffle-tiramisu',
  'cat-birthday',
  185.00, NULL, '25-35', '3-5 days',
  4.8, 118, 'Bestseller', true, true,
  'Espresso-soaked layers, mascarpone cream, cocoa dust.',
  'An Italian classic reimagined as a tower cake. Our Truffle Tiramisu Tower features espresso-soaked vanilla sponge layers filled with luxurious mascarpone cream and a dusting of premium cocoa. Each tier is layered with chocolate truffle ganache for the ultimate indulgence.',
  ARRAY['https://images.unsplash.com/photo-1578985545062-69928b1d9587?w=800&h=800&fit=crop&q=80','https://images.unsplash.com/photo-1606313564200-e75d5e30476c?w=800&h=800&fit=crop&q=80'],
  ARRAY['Espresso','Mascarpone','Dark Chocolate'],
  ARRAY['Vegetarian'],
  ARRAY['Single-origin espresso','Mascarpone cheese','Belgian cocoa','Ladyfinger sponge','Marsala wine']
),
(
  'lavender-honey-dream',
  'Lavender Honey Dream',
  'lavender-honey-dream',
  'cat-celebration',
  180.00, NULL, '20-30', '3-5 days',
  4.9, 64, 'Artisan', true, true,
  'Lavender-infused sponge, honey buttercream, edible flowers.',
  'A fragrant escape into the fields of Provence. Our Lavender Honey Dream layers delicate lavender-infused sponge with golden honey buttercream and a drizzle of wildflower honey. Adorned with hand-piped lavender sprigs and edible viola flowers.',
  ARRAY['https://images.unsplash.com/photo-1535254973040-607b474cb50d?w=800&h=800&fit=crop&q=80','https://images.unsplash.com/photo-1562440499-64c9a111f713?w=800&h=800&fit=crop&q=80'],
  ARRAY['Lavender','Honey','Vanilla'],
  ARRAY['Vegetarian'],
  ARRAY['Culinary lavender','Raw wildflower honey','Madagascan vanilla','Organic flour','Free-range eggs']
)
ON CONFLICT (id) DO NOTHING;

-- ======================== REVIEWS ============================
INSERT INTO reviews (
  id, name, location, avatar, rating, date, event, cake_id, cake_name,
  text, images, helpful, verified
) VALUES
(
  1,
  'Priya & Rahul Deshpande',
  'Pune, Maharashtra',
  'https://images.unsplash.com/photo-1494790108377-be9c29b29330?w=100&h=100&fit=crop&q=80',
  5,
  'June 2025',
  'Wedding',
  'rose-petal-dream',
  'Rose Petal Dream',
  'The Velvet Crumb made our wedding cake and it was absolutely stunning. Every guest commented on both the beauty and the incredible flavour. The rose-water buttercream was divine, and the hand-piped flowers looked too beautiful to eat. Amara and her team truly brought our fairy-tale vision to life.',
  ARRAY['https://images.unsplash.com/photo-1535254973040-607b474cb50d?w=200&h=200&fit=crop&q=80'],
  24,
  true
),
(
  2,
  'Ananya Desai',
  'Ahmedabad, Gujarat',
  'https://images.unsplash.com/photo-1438761681033-6461ffad8d80?w=100&h=100&fit=crop&q=80',
  5,
  'March 2025',
  'Birthday',
  'dark-chocolate-truffle',
  'Dark Chocolate Truffle',
  'I''ve ordered birthday cakes for the past three years and they never disappoint. The Dark Chocolate Truffle is pure heaven - the ganache is so rich and silky. The attention to detail is remarkable. They even wrote my daughter''s name in beautiful gold calligraphy.',
  ARRAY[]::text[],
  18,
  true
),
(
  3,
  'Meera Iyer',
  'Bengaluru, Karnataka',
  'https://images.unsplash.com/photo-1544005313-94ddf0286df2?w=100&h=100&fit=crop&q=80',
  5,
  'November 2024',
  'Birthday',
  NULL,
  'Custom Under the Sea Cake',
  'They turned my daughter''s fairy tale cake dream into reality. The Under the Sea theme was executed flawlessly - fondant sea creatures, coral details, even a little mermaid on top. It was almost too beautiful to eat, almost! My daughter''s face when she saw it was priceless.',
  ARRAY[]::text[],
  31,
  true
),
(
  4,
  'Vikram & Neha Sharma',
  'New Delhi',
  'https://images.unsplash.com/photo-1507003211169-0a1dd7228f2d?w=100&h=100&fit=crop&q=80',
  5,
  'September 2025',
  'Wedding',
  'berry-cascade',
  'Berry Cascade',
  'Our wedding cake was a five-tier Berry Cascade and it was the talk of our reception. The fresh berries cascading down each tier looked incredible, and the lemon curd filling was the perfect balance of sweet and tart. Worth every penny.',
  ARRAY['https://images.unsplash.com/photo-1488477181946-6428a0291777?w=200&h=200&fit=crop&q=80'],
  15,
  true
),
(
  5,
  'Sneha Reddy',
  'Hyderabad, Telangana',
  'https://images.unsplash.com/photo-1531746020798-e6953c6e8e04?w=100&h=100&fit=crop&q=80',
  4,
  'January 2025',
  'Corporate Event',
  'mirror-glaze-fantasy',
  'Mirror Glaze Fantasy',
  'Ordered the Mirror Glaze Fantasy for our company''s annual gala. The cake was a showstopper - people were taking photos before even tasting it. The mirror finish was flawless and the raspberry mousse inside was light and delicious. Only wish I had ordered a larger size!',
  ARRAY[]::text[],
  12,
  true
),
(
  6,
  'Arjun Nair',
  'Mumbai, Maharashtra',
  'https://images.unsplash.com/photo-1500648767791-00dcc994a43e?w=100&h=100&fit=crop&q=80',
  5,
  'December 2024',
  'Anniversary',
  'pistachio-opulence',
  'Pistachio Opulence',
  'My wife is very particular about cakes and even she was blown away by the Pistachio Opulence. The pistachios gave it such an incredible flavour and the white chocolate ganache was perfectly balanced. This has become our anniversary tradition.',
  ARRAY[]::text[],
  9,
  true
),
(
  7,
  'Kavita Joshi',
  'Nashik, Maharashtra',
  'https://images.unsplash.com/photo-1580489944761-15a19d654956?w=100&h=100&fit=crop&q=80',
  5,
  'April 2025',
  'Baby Shower',
  'tropical-paradise',
  'Tropical Paradise',
  'The Tropical Paradise cake was the centerpiece of my baby shower. The coconut and passion fruit flavours were refreshing and unique. Everyone loved it! The presentation with tropical flowers was gorgeous. The Velvet Crumb truly understands how to make events special.',
  ARRAY['https://images.unsplash.com/photo-1614707267537-b85aaf00c4b7?w=200&h=200&fit=crop&q=80'],
  20,
  true
),
(
  8,
  'Rohit & Simran Singh',
  'Jaipur, Rajasthan',
  'https://images.unsplash.com/photo-1534528741775-53994a69daeb?w=100&h=100&fit=crop&q=80',
  5,
  'August 2025',
  'Wedding',
  'red-velvet-royale',
  'Red Velvet Royale',
  'Choosing The Velvet Crumb for our wedding was the best decision. The Red Velvet Royale was everything we dreamed of and more. The crimson swirls were mesmerizing and the cream cheese frosting was perfection. Our photographer got incredible shots of the cake too!',
  ARRAY[]::text[],
  16,
  true
)
ON CONFLICT (id) DO NOTHING;
